#node	identifier	domain_summary_url	annotation	other_names_and_aliases
CCK	9606.ENSP00000379472	Cholecystokinin-58 desnonopeptide; This peptide hormone induces gall bladder contraction and the release of pancreatic enzymes in the gut. Its function in the brain is not clear. Binding to CCK-A receptors stimulates amylase release from the pancreas, binding to CCK-B receptors stimulates gastric acid secretion.	https://smart.embl.de/smart/DDvec.cgi?smart=115:GASTRIN(99|112)+	(1-49)-CCK58,885,AAA53094.1,AAH08283.1,AAH93055.1,AAI11027.1,AAP35637.1,AAR89908.1,AK289716,AY514491,BAF82405.1,BC008283,BC093055,BC111026,BT006991,CAG47022.1,CCDS2696,CCDS2696.1,CCK,CCK-201,CCK-202,CCK-203,CCK-204,CCK12,CCK18,CCK25,CCK33,CCK39,CCK5,CCK58,CCK7,CCK8,CCKN_HUMAN,CH471055,CHEMBL1649050,CR542226,Cholecystokinin,Cholecystokinin-12,Cholecystokinin-18,Cholecystokinin-25,Cholecystokinin-33,Cholecystokinin-39,Cholecystokinin-5,Cholecystokinin-58,Cholecystokinin-58 desnonopeptide,Cholecystokinin-7,Cholecystokinin-8,EAW64644.1,EAW64645.1,ENSG00000187094,ENSP00000335657,ENSP00000342874,ENSP00000379472,ENSP00000409124,ENST00000334681,ENST00000334681.9,ENST00000343349,ENST00000396169,ENST00000396169.6,ENST00000434608,ENST00000434608.1,ENST00000484359,ENST00000484359.1,HGNC:1569,HPA045039,HPA069515,L00354,NM_000729,NM_000729.5,NM_000729.6,NM_001174138,NM_001174138.2,NP_000720,NP_000720.1,NP_001167609,NP_001167609.1,NX_P06307,OMIM:118440,OTTHUMG00000131796,P06307,Q6FG82,R-HSA-162582,R-HSA-372790,R-HSA-373076,R-HSA-375276,R-HSA-388396,R-HSA-416476,R-HSA-500792,UPI00001272C3,cholecystokinin,cholecystokinin triacontatriapeptide,hsa:885,prepro-cholecystokinin,uc003cld.2
CCKAR	9606.ENSP00000295589	Cholecystokinin receptor type A; Receptor for cholecystokinin. Mediates pancreatic growth and enzyme secretion, smooth muscle contraction of the gall bladder and stomach. Has a 1000-fold higher affinity for CCK rather than for gastrin. It modulates feeding and dopamine-induced behavior in the central and peripheral nervous system. This receptor mediates its action by association with G proteins that activate a phosphatidylinositol-calcium second messenger system.	https://smart.embl.de/smart/DDvec.cgi?smart=428:Pfam_CholecysA-Rec_N(1|47)+Pfam_7TM_GPCR_Srx(49|256)+	1D6G,1HZN,1PB2,886,AAA02819.1,AAA35659.1,AAA91123.1,AAH74987.1,AAP84362.1,AK313978,AY322549,B2R9Z5,BAA90879.1,BAG36692.1,BC074987,CCDS3438,CCDS3438.1,CCK-A,CCK-A receptor,CCK-AR,CCK1-R,CCK1R,CCKAR,CCKAR-201,CCKAR_HUMAN,CCKRA,CH471069,CHEMBL1901,Cholecystokinin A receptor,Cholecystokinin receptor type A,Cholecystokinin-1 receptor,D85606,EAW92850.1,ENSG00000163394,ENSP00000295589,ENSP00000371454,ENST00000295589,ENST00000295589.3,ENST00000382023,HGNC:1570,L13605,L19315,NM_000730,NM_000730.2,NM_000730.3,NP_000721,NP_000721.1,NX_P32238,OMIM:118444,OTTHUMG00000128567,P32238,R-HSA-162582,R-HSA-372790,R-HSA-373076,R-HSA-375276,R-HSA-388396,R-HSA-416476,R-HSA-500792,U23427,U23428,U23429,U23430,UPI00000503F3,cholecystokinin A receptor,hsa:886,uc003gse.2
CCL28	9606.ENSP00000354416	C-C motif chemokine 28; Chemotactic activity for resting CD4, CD8 T-cells and eosinophils. Binds to CCR3 and CCR10 and induces calcium mobilization in a dose-dependent manner.	https://smart.embl.de/smart/DDvec.cgi?smart=127:SIGNAL(1|22)+SCY(27|88)+	56477,6CWS,A0N0Q3,AAF87205.1,AAG16691.1,AAG43193.1,AAH62668.1,AAH69532.1,ABK41944.1,AC025457,ADH95184.1,AF110384,AF220210,AF266504,AK312120,BAG35056.1,BC062668,BC069532,C-C motif chemokine 28,C-C motif chemokine ligand 28,CC chemokine CCL28,CCDS3944,CCDS3944.1,CCDS78006,CCDS78006.1,CCK1,CCL28,CCL28-201,CCL28-202,CCL28-203,CCL28-204,CCL28_HUMAN,CH471119,D6RC73,D7RIE7,EAW56057.1,EAW56058.1,EAW56059.1,EF064761,ENSG00000151882,ENSP00000281629,ENSP00000354416,ENSP00000371010,ENSP00000422369,ENSP00000426424,ENSP00000443823,ENST00000281629,ENST00000361115,ENST00000361115.4,ENST00000381597,ENST00000489442,ENST00000489442.5,ENST00000513525,ENST00000513525.1,ENST00000514421,ENST00000514421.1,ENST00000537013,HGNC:17700,HM067700,HPA077434,MEC,Mucosae-associated epithelial chemokine,NM_001301873,NM_001301873.1,NM_001301873.2,NM_001301874,NM_001301874.1,NM_001301874.2,NM_001301875,NM_001301875.2,NM_148672,NM_148672.3,NP_001288802,NP_001288802.1,NP_001288803,NP_001288803.1,NP_001288804,NP_001288804.1,NP_683513,NP_683513.1,NX_Q9NRJ3,OMIM:605240,OTTHUMG00000094811,Protein CCK1,Q9NRJ3,R-HSA-162582,R-HSA-372790,R-HSA-373076,R-HSA-375276,R-HSA-380108,R-HSA-388396,R-HSA-418594,R-HSA-500792,SCYA28,Small-inducible cytokine A28,UPI00001362E3,UPI000020CA61,URS0000D6D8C6,XR_925633,XR_925633.2,chemokine (C-C motif) ligand 28,hsa:56477,mucosae-associated epithelial chemokine,small inducible cytokine A28,uc003jnu.4
GAST	9606.ENSP00000331358	Big gastrin; Gastrin stimulates the stomach mucosa to produce and secrete hydrochloric acid and the pancreas to secrete its digestive enzymes. It also stimulates smooth muscle contraction and increases blood circulation and water secretion in the stomach and intestine.	https://smart.embl.de/smart/DDvec.cgi?smart=101:SIGNAL(1|21)+GASTRIN(88|101)+	2520,5WRJ,A0A0E3VY36,AAA52520.1,AAB59533.1,AAH69724.1,AAH69762.1,BAR63725.1,BC069724,BC069762,Big gastrin,CAA23769.1,CAA25005.1,CAA25006.1,CAA25007.1,CAB000038,CCDS11404,CCDS11404.1,CH471152,EAW60756.1,ENSG00000184502,ENSP00000331358,ENST00000329402,ENST00000329402.3,G14,G17,G34,G52,G6,GAS,GAST,GAST-201,GAST_HUMAN,Gastrin,Gastrin component I,Gastrin component II,Gastrin component III,Gastrin-14,Gastrin-17,Gastrin-34,Gastrin-52,Gastrin-6,Gastrin-71,HGNC:4164,K01254,LC047786,M15958,NM_000805,NM_000805.4,NM_000805.5,NP_000796,NP_000796.1,NX_P01350,OMIM:137250,OTTHUMG00000133496,P01350,P78463,P78464,R-HSA-162582,R-HSA-372790,R-HSA-388396,R-HSA-416476,R-HSA-881907,UPI000012B0F4,V00511,X00183,gastrin,hsa:2520,preprogastrin,uc002hxl.3
GNA11	9606.ENSP00000078429	Guanine nucleotide-binding protein subunit alpha-11; Guanine nucleotide-binding proteins (G proteins) are involved as modulators or transducers in various transmembrane signaling systems. Acts as an activator of phospholipase C.	https://smart.embl.de/smart/DDvec.cgi?smart=359:G_alpha(19|358)+	2767,6OIJ,A0A087WVZ3,AAA58624.1,AAA99949.1,AAB64303.1,AAC25615.1,AAH89041.1,AAH96225.1,AAH96226.1,AAH96227.1,AAM12614.1,AC005262,AF011497,AF493900,BC089041,BC096225,BC096226,BC096227,CAG33285.1,CCDS12103,CCDS12103.1,CR457004,ENSG00000088256,ENSP00000078429,ENSP00000316863,ENSP00000465935,ENSP00000479797,ENST00000078429,ENST00000078429.8,ENST00000325623,ENST00000586180,ENST00000586180.1,ENST00000586763,ENST00000586763.1,ENST00000587636,ENST00000587636.1,ENST00000588401,ENST00000588401.1,ENST00000590534,ENST00000590534.1,ENST00000591301,ENST00000591301.1,FBH,FBH2,FHH2,G alpha-11,G protein subunit alpha 11,G-protein subunit alpha-11,GA11,GNA-11,GNA11,GNA11-201,GNA11-202,GNA11-203,GNA11-204,GNA11-205,GNA11-206,GNA11-207,GNA11_HUMAN,HGNC:4379,HHC2,HPA048886,HYPOC2,K7EL62,L40630,M69013,NM_002067,NM_002067.4,NM_002067.5,NP_002058,NP_002058.2,NX_P29992,O15109,OMIM:139313,OTTHUMG00000180631,P29992,Q14350,Q6IB00,R-HSA-109582,R-HSA-1430728,R-HSA-162582,R-HSA-163685,R-HSA-372790,R-HSA-388396,R-HSA-392518,R-HSA-399997,R-HSA-400451,R-HSA-416476,R-HSA-418592,R-HSA-422356,R-HSA-428930,R-HSA-434316,R-HSA-456926,R-HSA-76002,UPI000004D209,UPI0002840BD1,UPI0004620D2C,URS00008C16A3,hsa:2767,hypocalciuric hypercalcemia 2,uc010xhe.5
GNAI1	9606.ENSP00000497260	Guanine nucleotide-binding protein G(i) subunit alpha-1; Guanine nucleotide-binding proteins (G proteins) function as transducers downstream of G protein-coupled receptors (GPCRs) in numerous signaling cascades. The alpha chain contains the guanine nucleotide binding site and alternates between an active, GTP-bound state and an inactive, GDP-bound state. Signaling by an activated GPCR promotes GDP release and GTP binding. The alpha subunit has a low GTPase activity that converts bound GTP to GDP, thereby terminating the signal. Both GDP release and GTP hydrolysis are modulated by numer [...] 	https://smart.embl.de/smart/DDvec.cgi?smart=354:G_alpha(13|353)+	1KJY,1Y3A,2770,2G83,2GTP,2IK8,2OM2,2XNS,3ONW,3QE0,3QI2,3UMR,3UMS,4G5Q,5JS7,5JS8,5TDH,6CMO,6CRK,6DDE,6DDF,6N4B,6OIJ,6OS9,6OSA,6OT0,6QNO,A0A3B3IRK0,A0A3B3IS42,A0A3B3ITG4,A0A3B3ITM0,A0A3B3ITX3,A0A3B3IU77,A0A3B3IUA8,A8KA88,AAA35893.1,AAA52581.1,AAC09361.1,AAH26326.1,AAM12619.1,AAV38580.1,AC004109,AC004159,AC004454,AC004548,AC073048,AC079589,AC080066,AF055013,AF493905,AK292953,AK304442,AL049933,Adenylate cyclase-inhibiting G alpha protein,B4E2V1,BAF85642.1,BAG65263.1,BC026326,BT019775,C9J2Z2,C9J3A4,CAB022449,CAB43212.2,CCDS5595,CCDS5595.1,CCDS59061,CCDS59061.1,CH471091,CHEMBL4741,EAW77011.1,ENSG00000127955,ENSP00000248604,ENSP00000321489,ENSP00000321534,ENSP00000343027,ENSP00000369601,ENSP00000388347,ENSP00000389435,ENSP00000391439,ENSP00000410572,ENSP00000496800,ENSP00000496829,ENSP00000496836,ENSP00000497051,ENSP00000497058,ENSP00000497179,ENSP00000497260,ENSP00000497315,ENSP00000497379,ENSP00000497717,ENSP00000497754,ENSP00000497760,ENSP00000497765,ENSP00000497773,ENSP00000497785,ENSP00000497802,ENSP00000498091,ENSP00000498098,ENSP00000498111,ENSP00000498159,ENST00000248604,ENST00000313212,ENST00000313227,ENST00000347677,ENST00000351004,ENST00000351004.8,ENST00000380251,ENST00000418742,ENST00000418742.6,ENST00000442586,ENST00000442586.2,ENST00000447650,ENST00000457358,ENST00000457358.7,ENST00000490206,ENST00000490206.2,ENST00000647672,ENST00000647672.1,ENST00000647742,ENST00000647742.1,ENST00000648097,ENST00000648097.1,ENST00000648098,ENST00000648098.1,ENST00000648306,ENST00000648306.1,ENST00000648375,ENST00000648375.1,ENST00000648412,ENST00000648412.1,ENST00000648449,ENST00000648449.1,ENST00000648476,ENST00000648476.1,ENST00000648528,ENST00000648528.1,ENST00000648663,ENST00000648663.1,ENST00000648832,ENST00000648832.1,ENST00000648877,ENST00000648877.1,ENST00000648953,ENST00000648953.1,ENST00000649148,ENST00000649148.1,ENST00000649208,ENST00000649208.1,ENST00000649214,ENST00000649214.1,ENST00000649225,ENST00000649225.1,ENST00000649267,ENST00000649267.1,ENST00000649485,ENST00000649485.1,ENST00000649487,ENST00000649487.1,ENST00000649634,ENST00000649634.1,ENST00000649796,ENST00000649796.1,ENST00000649855,ENST00000649855.1,ENST00000649922,ENST00000649922.1,ENST00000650351,ENST00000650351.1,ENST00000650431,ENST00000650431.1,G protein subunit alpha i1,GNAI1,GNAI1-201,GNAI1-202,GNAI1-203,GNAI1-204,GNAI1-205,GNAI1-206,GNAI1-207,GNAI1-208,GNAI1-209,GNAI1-210,GNAI1-211,GNAI1-212,GNAI1-213,GNAI1-214,GNAI1-215,GNAI1-216,GNAI1-217,GNAI1-218,GNAI1-219,GNAI1-220,GNAI1-221,GNAI1-222,GNAI1-223,GNAI1-224,GNAI1-225,GNAI1-226,GNAI1-227,GNAI1-228,GNAI1-229,GNAI1-230,GNAI1-231,GNAI1-232,GNAI1_HUMAN,Gi,Gi1 protein alpha subunit,HGNC:4384,HPA042141,KF495986,KF495987,M17219,M20594,M20595,M20596,NM_001256414,NM_001256414.1,NM_001256414.2,NM_002069,NM_002069.5,NM_002069.6,NP_001243343,NP_001243343.1,NP_002060,NP_002060.4,NX_P63096,OMIM:139310,OTTHUMG00000023523,P04898,P11015,P31871,P63096,Q5U074,Q8TAN5,Q9UGA4,R-HSA-109582,R-HSA-111885,R-HSA-112040,R-HSA-112043,R-HSA-112314,R-HSA-112315,R-HSA-112316,R-HSA-1430728,R-HSA-162582,R-HSA-163685,R-HSA-170670,R-HSA-202040,R-HSA-372790,R-HSA-388396,R-HSA-390466,R-HSA-391251,R-HSA-392170,R-HSA-392499,R-HSA-392518,R-HSA-400042,R-HSA-418555,R-HSA-418594,R-HSA-418597,R-HSA-422356,R-HSA-6814122,R-HSA-76002,R-HSA-8939211,R-HSA-9006931,R-HSA-9009391,R-HSA-977443,R-HSA-977444,R-HSA-991365,UPI000000124A,UPI0000D4CA6B,UPI000E6E8925,UPI000E6E98ED,UPI000E6EA35D,UPI000E6EACEA,UPI000E6EBD35,UPI000E6EC47C,UPI000E6F10DD,hsa:2770,uc003uhb.2
GNAQ	9606.ENSP00000286548	Guanine nucleotide-binding protein G(q) subunit alpha; Guanine nucleotide-binding proteins (G proteins) are involved as modulators or transducers in various transmembrane signaling systems. Regulates B-cell selection and survival and is required to prevent B-cell-dependent autoimmunity. Regulates chemotaxis of BM- derived neutrophils and dendritic cells (in vitro) (By similarity). Belongs to the G-alpha family. G(q) subfamily.	https://smart.embl.de/smart/DDvec.cgi?smart=359:G_alpha(19|358)+	2776,A0A024R240,AAA99950.1,AAB06875.1,AAB39498.1,AAB64301.1,AAC50363.1,AAG61117.1,AAH57777.1,AAH67850.1,AAH69520.1,AAH75096.1,AAH75097.1,AAM12610.1,ADO22293.1,AF011496,AF329284,AF493896,AL160268,AL160278,AL355535,B1AM21,BC057777,BC067850,BC069520,BC075096,BC075097,CAB010036,CCDS6658,CCDS6658.1,CH471089,CHEMBL3286079,CMC1,EAW62607.1,EAW62610.1,ENSG00000156052,ENSP00000286548,ENSP00000365796,ENSP00000391501,ENSP00000443197,ENST00000286548,ENST00000286548.8,ENST00000376611,ENST00000397476,ENST00000411677,ENST00000411677.1,G protein subunit alpha q,G-ALPHA-q,GAQ,GNAQ,GNAQ-201,GNAQ-202,GNAQ_HUMAN,GQ891431,Guanine nucleotide-binding protein alpha-q,HGNC:4390,HPA048886,L40629,L76256,NM_002072,NM_002072.4,NM_002072.5,NP_002063,NP_002063.2,NX_P50148,O15108,OMIM:600998,OTTHUMG00000020059,P50148,Q13462,Q6NT27,Q92471,Q9BZB9,R-HSA-109582,R-HSA-1430728,R-HSA-162582,R-HSA-163685,R-HSA-372790,R-HSA-388396,R-HSA-392518,R-HSA-399997,R-HSA-400451,R-HSA-416476,R-HSA-418592,R-HSA-422356,R-HSA-428930,R-HSA-434316,R-HSA-456926,R-HSA-76002,SWS,U40038,U43083,UPI000006D0FB,UPI000046FE15,XM_017014628,XM_017014628.2,XP_016870117,XP_016870117.1,hsa:2776,uc004akw.5
GNAS	9606.ENSP00000360141	Guanine nucleotide-binding protein G(s) subunit alpha isoforms XLas; Guanine nucleotide-binding proteins (G proteins) function as transducers in numerous signaling pathways controlled by G protein- coupled receptors (GPCRs). Signaling involves the activation of adenylyl cyclases, resulting in increased levels of the signaling molecule cAMP. GNAS functions downstream of several GPCRs, including beta-adrenergic receptors. XLas isoforms interact with the same set of receptors as GNAS isoforms (By similarity).	https://smart.embl.de/smart/DDvec.cgi?smart=1037:G_alpha(663|1036)+	2778,5G53,5UZ7,5VAI,6AU6,6B3J,6E3Y,6E67,6EG8,6GDG,6NIY,A0A0A0MR13,A0A0S2Z3H8,A0A0S2Z3S5,A2A2R6,A2A2S1,A2A2S3,AAA52583.1,AAA53146.1,AAA53147.1,AAA53148.1,AAA53149.1,AAB60334.2,AAD11804.1,AAF63226.1,AAH02722.1,AAH08855.1,AAH22875.1,AAH66923.1,AAI04929.1,AAI08316.2,AAM12611.1,AAM12612.1,AAP88907.1,AAX51890.1,AF105253,AF107846,AF493897,AF493898,AHO,AJ009849,AJ224867,AJ224868,AJ251760,AK314549,AK315860,AK315874,AL109840,AL121917,AL132655,ALQ33553.1,ALQ33554.1,AY898804,Adenylate cyclase-stimulating G alpha protein,B0AZR9,BAF98751.1,BAF98765.1,BAG37135.1,BC002722,BC008855,BC022875,BC066923,BC104928,BC108315,BT009905,C20orf45,CAA08889.1,CAA12164.1,CAA12165.1,CAA27996.1,CAA27997.1,CAA30084.1,CAB010337,CAB83214.1,CAB83215.1,CCDS13471,CCDS13471.1,CCDS13472,CCDS13472.1,CCDS42892,CCDS42892.1,CCDS46622,CCDS46622.1,CCDS46623,CCDS46623.1,CCDS46624,CCDS46624.1,CCDS82633,CCDS82633.1,CH471077,CHEMBL4377,E1P5G3,EAW75457.1,EAW75458.1,EAW75460.1,EAW75462.1,EAW75463.1,EAW75466.1,EAW75468.1,EAW75469.1,EAW75471.1,ENSG00000087460,ENSP00000217126,ENSP00000265620,ENSP00000265621,ENSP00000265622,ENSP00000302237,ENSP00000304472,ENSP00000307237,ENSP00000323571,ENSP00000345971,ENSP00000346328,ENSP00000360115,ENSP00000360122,ENSP00000360123,ENSP00000360126,ENSP00000360131,ENSP00000360136,ENSP00000360139,ENSP00000360140,ENSP00000360141,ENSP00000360142,ENSP00000360143,ENSP00000391925,ENSP00000392000,ENSP00000407290,ENSP00000412356,ENSP00000412424,ENSP00000416234,ENSP00000473809,ENSP00000473886,ENSP00000474006,ENSP00000474031,ENSP00000474219,ENSP00000474259,ENSP00000474262,ENSP00000474666,ENSP00000474802,ENSP00000474810,ENSP00000474950,ENSP00000474966,ENSP00000491441,ENSP00000499239,ENSP00000499259,ENSP00000499272,ENSP00000499274,ENSP00000499293,ENSP00000499332,ENSP00000499334,ENSP00000499352,ENSP00000499353,ENSP00000499376,ENSP00000499380,ENSP00000499392,ENSP00000499409,ENSP00000499435,ENSP00000499443,ENSP00000499523,ENSP00000499545,ENSP00000499551,ENSP00000499552,ENSP00000499607,ENSP00000499613,ENSP00000499614,ENSP00000499644,ENSP00000499654,ENSP00000499660,ENSP00000499673,ENSP00000499681,ENSP00000499758,ENSP00000499762,ENSP00000499767,ENSP00000499794,ENST00000217126,ENST00000265620,ENST00000265620.11,ENST00000265621,ENST00000265622,ENST00000306082,ENST00000306090,ENST00000306090.11,ENST00000306120,ENST00000306120.3,ENST00000313949,ENST00000313949.11,ENST00000338783,ENST00000338783.6,ENST00000349036,ENST00000349036.7,ENST00000354359,ENST00000354359.11,ENST00000371075,ENST00000371075.7,ENST00000371081,ENST00000371081.5,ENST00000371082,ENST00000371085,ENST00000371085.7,ENST00000371090,ENST00000371095,ENST00000371095.7,ENST00000371098,ENST00000371098.6,ENST00000371099,ENST00000371099.6,ENST00000371100,ENST00000371100.8,ENST00000371101,ENST00000371102,ENST00000371102.8,ENST00000412088,ENST00000419558,ENST00000419558.5,ENST00000423897,ENST00000423897.5,ENST00000437702,ENST00000450130,ENST00000450130.5,ENST00000453292,ENST00000453292.5,ENST00000461152,ENST00000462499,ENST00000464624,ENST00000464624.6,ENST00000464788,ENST00000464960,ENST00000467227,ENST00000467321,ENST00000468895,ENST00000469431,ENST00000470512,ENST00000472183,ENST00000472183.5,ENST00000475610,ENST00000475610.1,ENST00000476196,ENST00000476196.5,ENST00000476935,ENST00000477931,ENST00000478585,ENST00000479025,ENST00000479025.1,ENST00000480232,ENST00000480975,ENST00000481039,ENST00000481768,ENST00000482112,ENST00000483387,ENST00000483387.1,ENST00000484504,ENST00000485673,ENST00000487862,ENST00000487862.5,ENST00000487981,ENST00000487981.5,ENST00000488546,ENST00000488652,ENST00000490374,ENST00000491348,ENST00000492907,ENST00000493744,ENST00000493958,ENST00000493958.5,ENST00000494081,ENST00000496934,ENST00000496934.5,ENST00000603023,ENST00000603291,ENST00000603534,ENST00000603546,ENST00000603546.1,ENST00000603560,ENST00000604005,ENST00000604005.5,ENST00000605058,ENST00000605324,ENST00000605439,ENST00000605560,ENST00000605722,ENST00000605724,ENST00000639562,ENST00000656419,ENST00000657090,ENST00000663479,ENST00000667293,Extra large alphas protein,G protein subunit alpha S,GNAS,GNAS complex locus,GNAS-201,GNAS-202,GNAS-203,GNAS-204,GNAS-205,GNAS-206,GNAS-207,GNAS-208,GNAS-209,GNAS-210,GNAS-211,GNAS-212,GNAS-213,GNAS-214,GNAS-215,GNAS-216,GNAS-217,GNAS-218,GNAS-219,GNAS-220,GNAS-221,GNAS-222,GNAS-223,GNAS-224,GNAS-225,GNAS-226,GNAS-227,GNAS-228,GNAS-229,GNAS-230,GNAS-231,GNAS-232,GNAS-233,GNAS-234,GNAS-235,GNAS-236,GNAS-237,GNAS-238,GNAS-239,GNAS-240,GNAS-241,GNAS-242,GNAS-243,GNAS-244,GNAS-245,GNAS-246,GNAS-247,GNAS-248,GNAS-249,GNAS-250,GNAS-251,GNAS-252,GNAS-253,GNAS-254,GNAS-255,GNAS-256,GNAS-257,GNAS-258,GNAS-259,GNAS-260,GNAS-261,GNAS1,GNAS1_HUMAN,GNASXL,GPSA,GSA,GSP,H0Y7E8,H0Y7F4,H0Y7Z6,HGNC:4392,HPA018122,HPA027478,HPA028386,KF456967,KU178095,KU178096,M14631,M21139,M21140,M21141,M21142,M21740,M21741,NESP,NESP55,NM_000516,NM_000516.6,NM_001077488,NM_001077488.4,NM_001077489,NM_001077489.4,NM_001077490,NM_001077490.2,NM_001309840,NM_001309840.2,NM_001309842,NM_001309842.2,NM_001309861,NM_001309861.2,NM_001309883,NM_001309883.1,NM_016592,NM_016592.4,NM_080425,NM_080425.3,NM_080426,NM_080426.4,NP_000507,NP_000507.1,NP_001070956,NP_001070956.1,NP_001070957,NP_001070957.1,NP_001070958,NP_001070958.1,NP_001296769,NP_001296769.1,NP_001296771,NP_001296771.1,NP_001296790,NP_001296790.1,NP_001296812,NP_001296812.1,NP_057676,NP_057676.1,NP_536350,NP_536350.2,NP_536351,NP_536351.1,NR_132273,NR_132273.1,NX_Q5JWF2,O75684,O75685,O95467,OMIM:139320,OTTHUMG00000033069,P63092,P84996,PITA3,POH,Q5JW67,Q5JWD1,Q5JWE9,Q5JWF1,Q5JWF2,Q9NY42,R-HSA-109582,R-HSA-1430728,R-HSA-162582,R-HSA-163359,R-HSA-163685,R-HSA-164378,R-HSA-372790,R-HSA-373080,R-HSA-381676,R-HSA-382551,R-HSA-388396,R-HSA-392851,R-HSA-418346,R-HSA-418555,R-HSA-418594,R-HSA-418597,R-HSA-420092,R-HSA-422356,R-HSA-432040,R-HSA-445717,R-HSA-500792,R-HSA-5358351,R-HSA-5610787,S4R3E3,S4R3V9,SCG6,SgVI,U12466,UPI0000001247,UPI0000001248,UPI000004D202,UPI000004D203,UPI0000054C79,UPI00002067DE,UPI000049DF5F,UPI00004A39EC,UPI00004A39ED,UPI00004A39EE,UPI00004A39EF,UPI00004A39F1,UPI00004A39F2,UPI00004A39F5,UPI00004A39F6,UPI00004A39F7,UPI00004A39FB,UPI00004A3A15,UPI000059D847,UPI0000D4D105,UPI0000E444AE,UPI0000E44553,UPI0000E5A36D,UPI0000E5A36E,UPI0000E5A36F,UPI0000E5A370,UPI0000EE0475,UPI000155D5C2,UPI00024CF88E,UPI00033350DE,UPI00033350F0,UPI00033351C0,UPI000387C96E,UPI0004E4C91A,UPI001147C2A2,UPI0011480619,UPI0011482D7B,UPI00114843F0,UPI00114861DE,UPI001148A752,UPI0011491DBD,UPI0011492628,UPI001149276E,UPI001149B387,UPI00114C0FCA,UPI00114C1B90,URS00009B241D,URS00009BE381,URS0000EEDB4B,X04408,X04409,X07036,X6R7U9,XLalphas,XM_017027812,XM_017027812.2,XM_017027813,XM_017027813.1,XM_017027813.2,XM_017027814,XM_017027814.2,XM_017027815,XM_017027815.1,XM_017027816,XM_017027816.1,XM_017027817,XM_017027817.1,XM_017027818,XM_017027818.2,XM_017027819,XM_017027819.1,XM_017027820,XM_017027820.1,XM_017027821,XM_017027821.1,XM_017027822,XM_017027822.1,XM_024451872,XM_024451872.1,XM_024451873,XM_024451873.1,XM_024451874,XM_024451874.1,XM_024451875,XM_024451875.1,XP_016883301,XP_016883301.1,XP_016883302,XP_016883302.1,XP_016883303,XP_016883303.1,XP_016883304,XP_016883304.1,XP_016883305,XP_016883305.1,XP_016883306,XP_016883306.1,XP_016883307,XP_016883307.1,XP_016883308,XP_016883308.1,XP_016883309,XP_016883309.1,XP_016883310,XP_016883310.1,XP_016883311,XP_016883311.1,XP_024307640,XP_024307640.1,XP_024307641,XP_024307641.1,XP_024307642,XP_024307642.1,XP_024307643,XP_024307643.1,XR_002958471,XR_002958471.1,hsa:2778,secretogranin VI,uc002xzw.4,uc061ybx.1
GNB1	9606.ENSP00000367872	Guanine nucleotide-binding protein G(I)/G(S)/G(T) subunit beta-1; Guanine nucleotide-binding proteins (G proteins) are involved as a modulator or transducer in various transmembrane signaling systems. The beta and gamma chains are required for the GTPase activity, for replacement of GDP by GTP, and for G protein-effector interaction.	https://smart.embl.de/smart/DDvec.cgi?smart=340:WD40(44|83)+WD40(86|125)+WD40(132|170)+WD40(173|212)+WD40(215|254)+WD40(257|298)+WD40(301|340)+	2782,4KFM,4PNK,5HE0,5HE1,5HE2,5HE3,5UKK,5UKL,5UKM,5UZ7,6B3J,6CRK,6D9H,6DDE,6DDF,6E3Y,6EG8,6G79,6GDG,6M8S,6N4B,6NI3,6NIY,6OIJ,6OIK,6OS9,6OSA,6OT0,A0A024R056,AAA63265.1,AAH04186.1,AAH05888.1,AAH08991.1,AAI14619.1,AAM15918.1,AAP35969.1,AEE60985.1,AF501882,AK122949,AL031282,AL109917,B1AJZ7,B1AKQ8,B3KVK2,BAG53814.1,BC004186,BC005888,BC008991,BC114618,BT007305,CAA28207.1,CAG33065.1,CCDS34,CCDS34.1,CCDS72685,CCDS72685.1,CH471183,CHEMBL3883319,CR456784,EAW56147.1,EAW56148.1,EAW56149.1,EAW56150.1,ENSG00000078369,ENSP00000263750,ENSP00000318342,ENSP00000341266,ENSP00000367869,ENSP00000367872,ENSP00000388808,ENSP00000392765,ENSP00000399741,ENSP00000416651,ENSP00000416870,ENSP00000481878,ENSP00000483532,ENST00000263750,ENST00000319832,ENST00000342892,ENST00000378606,ENST00000378609,ENST00000378609.8,ENST00000424622,ENST00000434686,ENST00000434686.6,ENST00000437146,ENST00000437146.1,ENST00000439272,ENST00000439272.6,ENST00000455156,ENST00000461893,ENST00000461893.5,ENST00000471354,ENST00000471354.1,ENST00000472614,ENST00000472614.2,ENST00000607589,ENST00000607589.1,ENST00000610897,ENST00000610897.4,ENST00000615252,ENST00000615252.4,F6UT28,F6X3N5,G protein subunit beta 1,GBB1_HUMAN,GNB1,GNB1-201,GNB1-202,GNB1-203,GNB1-204,GNB1-205,GNB1-206,GNB1-207,GNB1-208,GNB1-209,GNB1-210,HGNC:4396,HM005385,HPA040736,KF495846,M36430,MRD42,NM_001282538,NM_001282538.1,NM_001282539,NM_001282539.1,NM_002074,NM_002074.4,NM_002074.5,NP_001269467,NP_001269467.1,NP_001269468,NP_001269468.1,NP_002065,NP_002065.1,NX_P62873,OMIM:139380,OTTHUMG00000000940,P04697,P04901,P62873,Q1RMY8,R-HSA-109582,R-HSA-111885,R-HSA-112314,R-HSA-112315,R-HSA-112316,R-HSA-1296041,R-HSA-1296059,R-HSA-1296065,R-HSA-1296071,R-HSA-1430728,R-HSA-162582,R-HSA-163359,R-HSA-163685,R-HSA-195721,R-HSA-202040,R-HSA-2187338,R-HSA-2485179,R-HSA-2514856,R-HSA-2514859,R-HSA-372790,R-HSA-373080,R-HSA-381676,R-HSA-381753,R-HSA-382551,R-HSA-3858494,R-HSA-388396,R-HSA-390466,R-HSA-391251,R-HSA-392170,R-HSA-392451,R-HSA-392499,R-HSA-392518,R-HSA-392851,R-HSA-397795,R-HSA-400042,R-HSA-4086398,R-HSA-416476,R-HSA-416482,R-HSA-418217,R-HSA-418346,R-HSA-418555,R-HSA-418592,R-HSA-418594,R-HSA-418597,R-HSA-420092,R-HSA-422356,R-HSA-428930,R-HSA-432040,R-HSA-445717,R-HSA-451326,R-HSA-456926,R-HSA-500657,R-HSA-500792,R-HSA-6814122,R-HSA-76002,R-HSA-8939211,R-HSA-8964315,R-HSA-8964616,R-HSA-9006931,R-HSA-9009391,R-HSA-977443,R-HSA-977444,R-HSA-991365,R-HSA-997272,Transducin beta chain 1,UPI00000230B3,UPI00002177A7,UPI000268AE0E,UPI000268AE0F,UPI0003F47E62,URS0000EAC4AB,X04526,XM_017001059,XM_017001059.1,XM_017001059.2,XM_017001060,XM_017001060.1,XM_017001060.2,XM_017001061,XM_017001061.1,XM_017001061.2,XM_024446495,XM_024446495.1,XP_016856548,XP_016856548.1,XP_016856549,XP_016856549.1,XP_016856550,XP_016856550.1,XP_024302263,XP_024302263.1,hsa:2782,transducin beta chain 1,uc001aif.5,uc031tmu.1
GNG2	9606.ENSP00000334448	Guanine nucleotide-binding protein G(I)/G(S)/G(O) subunit gamma-2; Guanine nucleotide-binding proteins (G proteins) are involved as a modulator or transducer in various transmembrane signaling systems. The beta and gamma chains are required for the GTPase activity, for replacement of GDP by GTP, and for G protein-effector interaction (By similarity).	https://smart.embl.de/smart/DDvec.cgi?smart=71:GGL(9|71)+	4KFM,54331,5HE0,5HE1,5HE2,5HE3,5UKK,5UKL,5UKM,5UZ7,6B3J,6CRK,6D9H,6DDE,6DDF,6E3Y,6EG8,6G79,6GDG,6M8S,6N4B,6NI3,6NIY,6OIJ,6OIK,6OS9,6OSA,6OT0,AAH20774.1,AAH60856.1,AAM12584.1,AF493870,AK001024,AL079307,AL358333,AL832878,BC020774,BC060856,CAB018380,CAI46198.1,CCDS32082,CCDS32082.1,CH471078,CHEMBL3883319,EAW65663.1,EAW65664.1,ENSG00000186469,ENSP00000334448,ENSP00000450586,ENSP00000450758,ENSP00000450904,ENSP00000451102,ENSP00000451231,ENSP00000451279,ENSP00000451536,ENSP00000451576,ENSP00000452014,ENSP00000484021,ENST00000335281,ENST00000335281.8,ENST00000553299,ENST00000553299.5,ENST00000553432,ENST00000553432.5,ENST00000553560,ENST00000553560.5,ENST00000554736,ENST00000554736.5,ENST00000554832,ENST00000554832.5,ENST00000554840,ENST00000554840.5,ENST00000554875,ENST00000554875.1,ENST00000555472,ENST00000555472.5,ENST00000556471,ENST00000556471.1,ENST00000556522,ENST00000556522.5,ENST00000556752,ENST00000556752.2,ENST00000556766,ENST00000556766.5,ENST00000557208,ENST00000557208.1,ENST00000557376,ENST00000557376.5,ENST00000615906,ENST00000615906.4,G gamma-I,G protein subunit gamma 2,G3V2C9,G3V2N0,G3V2W5,G3V3J9,G3V415,GBG2_HUMAN,GNG2,GNG2-201,GNG2-202,GNG2-203,GNG2-204,GNG2-205,GNG2-206,GNG2-207,GNG2-208,GNG2-209,GNG2-210,GNG2-211,GNG2-212,GNG2-213,GNG2-214,GNG2-215,GNG2-216,HGNC:4404,HPA003534,KF455890,NM_001243773,NM_001243773.1,NM_001243773.2,NM_001243774,NM_001243774.1,NM_001243774.2,NM_053064,NM_053064.4,NM_053064.5,NP_001230702,NP_001230702.1,NP_001230703,NP_001230703.1,NP_444292,NP_444292.1,NX_P59768,OMIM:606981,OTTHUMG00000171083,P59768,Q5JPE2,Q6P9A9,R-HSA-109582,R-HSA-111885,R-HSA-112314,R-HSA-112315,R-HSA-112316,R-HSA-1296041,R-HSA-1296059,R-HSA-1296065,R-HSA-1296071,R-HSA-1430728,R-HSA-162582,R-HSA-163359,R-HSA-163685,R-HSA-195721,R-HSA-202040,R-HSA-372790,R-HSA-373080,R-HSA-381676,R-HSA-382551,R-HSA-3858494,R-HSA-388396,R-HSA-390466,R-HSA-391251,R-HSA-392170,R-HSA-392451,R-HSA-392499,R-HSA-392518,R-HSA-392851,R-HSA-397795,R-HSA-400042,R-HSA-4086398,R-HSA-416476,R-HSA-416482,R-HSA-418217,R-HSA-418346,R-HSA-418555,R-HSA-418592,R-HSA-418594,R-HSA-418597,R-HSA-420092,R-HSA-422356,R-HSA-428930,R-HSA-432040,R-HSA-445717,R-HSA-451326,R-HSA-456926,R-HSA-500657,R-HSA-500792,R-HSA-6814122,R-HSA-76002,R-HSA-8939211,R-HSA-8964315,R-HSA-8964616,R-HSA-9006931,R-HSA-9009391,R-HSA-977443,R-HSA-977444,R-HSA-991365,R-HSA-997272,UPI0000001245,UPI0000E014AD,UPI0000E238D4,UPI0000E238D5,UPI0000EE4A97,UPI00021CF31C,URS00008B313B,URS00008B72BA,URS00008B96E7,URS00008BA3FE,URS00008C3869,XM_006720173,XM_006720173.2,XM_011536846,XM_011536846.2,XM_017021376,XM_017021376.1,XM_017021376.2,XM_017021377,XM_017021377.1,XM_024449629,XM_024449629.1,XM_024449630,XM_024449630.1,XM_024449631,XM_024449631.1,XM_024449632,XM_024449632.1,XM_024449633,XM_024449633.1,XM_024449634,XM_024449634.1,XP_006720236,XP_006720236.1,XP_011535148,XP_011535148.1,XP_016876865,XP_016876865.1,XP_016876866,XP_016876866.1,XP_024305397,XP_024305397.1,XP_024305398,XP_024305398.1,XP_024305399,XP_024305399.1,XP_024305400,XP_024305400.1,XP_024305401,XP_024305401.1,XP_024305402,XP_024305402.1,hsa:54331,uc001wzi.4,uc059bmt.1
PTK7	9606.ENSP00000418754	Inactive tyrosine-protein kinase 7; Inactive tyrosine kinase involved in Wnt signaling pathway. Component of both the non-canonical (also known as the Wnt/planar cell polarity signaling) and the canonical Wnt signaling pathway. Functions in cell adhesion, cell migration, cell polarity, proliferation, actin cytoskeleton reorganization and apoptosis. Has a role in embryogenesis, epithelial tissue organization and angiogenesis. Belongs to the protein kinase superfamily. Tyr protein kinase family. Insulin receptor subfamily.	https://smart.embl.de/smart/DDvec.cgi?smart=1078:IGc2(52|116)+IGc2(149|215)+IG(239|328)+IGc2(342|406)+IG(426|507)+IGc2(523|585)+IGc2(612|679)+TRANS(712|734)+TyrKc(804|1069)+	2.7.10.1,5754,A8K974,AAA87565.1,AAC50484.2,AAH46109.1,AAH71557.1,AAL39062.1,AAN04862.1,AAN04863.1,AAN04864.1,AAN04865.1,AAN04866.1,AF447157,AF447158,AF447162,AF447164,AF447167,AF447170,AF447171,AF447173,AF447174,AF447175,AF447176,AF531868,AF531869,AF531870,AF531871,AF531872,AK291016,AK292589,AK296953,AL355385,B7Z477,BAF83705.1,BAF85278.1,BAH12463.1,BC046109,BC071557,C9J9E8,C9JQR6,CCDS4884,CCDS4884.1,CCDS4885,CCDS4885.1,CCDS4886,CCDS4886.1,CCDS4887,CCDS4887.1,CCDS59021,CCDS59021.1,CCK-4,CCK4,CH471081,Colon carcinoma kinase 4,E9PFZ5,EAX04154.1,EAX04155.1,EAX04156.1,EAX04158.1,EAX04160.1,EC 2.7.10.1,ENSG00000112655,ENSP00000230418,ENSP00000230419,ENSP00000324119,ENSP00000325101,ENSP00000325462,ENSP00000325992,ENSP00000326029,ENSP00000352840,ENSP00000389885,ENSP00000404737,ENSP00000417607,ENSP00000418386,ENSP00000418462,ENSP00000418545,ENSP00000418754,ENSP00000419037,ENSP00000419096,ENSP00000420165,ENSP00000420186,ENSP00000420322,ENSP00000420765,ENST00000230418,ENST00000230418.8,ENST00000230419,ENST00000230419.8,ENST00000325774,ENST00000325799,ENST00000325815,ENST00000325819,ENST00000325841,ENST00000345201,ENST00000345201.6,ENST00000349241,ENST00000349241.6,ENST00000352931,ENST00000352931.6,ENST00000359792,ENST00000419972,ENST00000441764,ENST00000461100,ENST00000461100.5,ENST00000461389,ENST00000461389.1,ENST00000470019,ENST00000470019.5,ENST00000470471,ENST00000470471.1,ENST00000471863,ENST00000471863.5,ENST00000473339,ENST00000473339.1,ENST00000476760,ENST00000476760.1,ENST00000481273,ENST00000481273.5,ENST00000481946,ENST00000481946.5,ENST00000487673,ENST00000487673.5,ENST00000489707,ENST00000489707.5,ENST00000490710,ENST00000490710.1,ENST00000493339,ENST00000493339.1,ENST00000494146,ENST00000494146.5,ENST00000497957,ENST00000497957.1,F8WCI7,F8WDG7,H0Y889,H0Y8F1,H7C4X3,H7C5L0,HGNC:9618,HPA003222,Inactive tyrosine-protein kinase 7,KF458160,NM_001270398,NM_001270398.1,NM_002821,NM_002821.4,NM_002821.5,NM_152880,NM_152880.3,NM_152880.4,NM_152881,NM_152881.3,NM_152881.4,NM_152882,NM_152882.3,NM_152882.4,NP_001257327,NP_001257327.1,NP_002812,NP_002812.2,NP_690619,NP_690619.1,NP_690620,NP_690620.1,NP_690621,NP_690621.1,NR_072997,NR_072997.2,NR_072998,NR_072998.2,NX_Q13308,OMIM:601890,OTTHUMG00000014721,PTK7,PTK7 protein tyrosine kinase 7,PTK7-201,PTK7-202,PTK7-203,PTK7-204,PTK7-205,PTK7-206,PTK7-207,PTK7-208,PTK7-209,PTK7-210,PTK7-211,PTK7-212,PTK7-213,PTK7-214,PTK7-215,PTK7-216,PTK7-217,PTK7-218,PTK7-219,PTK7-220,PTK7_HUMAN,Protein tyrosine kinase 7 (inactive),Protein-tyrosine kinase 7,Pseudo tyrosine kinase receptor 7,Q13308,Q13417,Q5T650,Q6IQ54,Q86X91,Q8NFA5,Q8NFA6,Q8NFA7,Q8NFA8,Tyrosine-protein kinase-like 7,U33635,U40271,UPI0000001BDB,UPI000000DB2F,UPI000006CEEA,UPI000006FC42,UPI0000070C07,UPI00000726E6,UPI0001962CAE,UPI0001962CB0,UPI0001B79423,UPI0001B79424,UPI0001B79425,UPI0001B79426,UPI0001B79427,UPI0001B79428,UPI0001B79429,XM_011514765,XM_011514765.2,XM_011514766,XM_011514766.2,XP_011513067,XP_011513067.1,XP_011513068,XP_011513068.1,XR_926286,XR_926286.2,colon carcinoma kinase 4,hsa:5754,protein tyrosine kinase 7,uc003oub.3
